name,price,availability
A Light in the Attic,Â£51.77,In stock
Tipping the Velvet,Â£53.74,In stock
Soumission,Â£50.10,In stock
Sharp Objects,Â£47.82,In stock
Sapiens: A Brief History of Humankind,Â£54.23,In stock
The Requiem Red,Â£22.65,In stock
The Dirty Little Secrets of Getting Your Dream Job,Â£33.34,In stock
"The Coming Woman: A Novel Based on the Life of the Infamous Feminist, Victoria Woodhull",Â£17.93,In stock
The Boys in the Boat: Nine Americans and Their Epic Quest for Gold at the 1936 Berlin Olympics,Â£22.60,In stock
The Black Maria,Â£52.15,In stock
"Starving Hearts (Triangular Trade Trilogy, #1)",Â£13.99,In stock
Shakespeare's Sonnets,Â£20.66,In stock
Set Me Free,Â£17.46,In stock
Scott Pilgrim's Precious Little Life (Scott Pilgrim #1),Â£52.29,In stock
Rip it Up and Start Again,Â£35.02,In stock
"Our Band Could Be Your Life: Scenes from the American Indie Underground, 1981-1991",Â£57.25,In stock
Olio,Â£23.88,In stock
Mesaerion: The Best Science Fiction Stories 1800-1849,Â£37.59,In stock
Libertarianism for Beginners,Â£51.33,In stock
It's Only the Himalayas,Â£45.17,In stock
In Her Wake,Â£12.84,In stock
How Music Works,Â£37.32,In stock
"Foolproof Preserving: A Guide to Small Batch Jams, Jellies, Pickles, Condiments, and More: A Foolproof Guide to Making Small Batch Jams, Jellies, Pickles, Condiments, and More",Â£30.52,In stock
Chase Me (Paris Nights #2),Â£25.27,In stock
Black Dust,Â£34.53,In stock
Birdsong: A Story in Pictures,Â£54.64,In stock
America's Cradle of Quarterbacks: Western Pennsylvania's Football Factory from Johnny Unitas to Joe Montana,Â£22.50,In stock
Aladdin and His Wonderful Lamp,Â£53.13,In stock
Worlds Elsewhere: Journeys Around Shakespeareâs Globe,Â£40.30,In stock
Wall and Piece,Â£44.18,In stock
The Four Agreements: A Practical Guide to Personal Freedom,Â£17.66,In stock
The Five Love Languages: How to Express Heartfelt Commitment to Your Mate,Â£31.05,In stock
The Elephant Tree,Â£23.82,In stock
The Bear and the Piano,Â£36.89,In stock
Sophie's World,Â£15.94,In stock
Penny Maybe,Â£33.29,In stock
Maude (1883-1993):She Grew Up with the country,Â£18.02,In stock
"In a Dark, Dark Wood",Â£19.63,In stock
Behind Closed Doors,Â£52.22,In stock
You can't bury them all: Poems,Â£33.63,In stock
Slow States of Collapse: Poems,Â£57.31,In stock
Reasons to Stay Alive,Â£26.41,In stock
Private Paris (Private #10),Â£47.61,In stock
#HigherSelfie: Wake Up Your Life. Free Your Soul. Find Your Tribe.,Â£23.11,In stock
Without Borders (Wanderlove #1),Â£45.07,In stock
When We Collided,Â£31.77,In stock
"We Love You, Charlie Freeman",Â£50.27,In stock
Untitled Collection: Sabbath Poems 2014,Â£14.27,In stock
"Unseen City: The Majesty of Pigeons, the Discreet Charm of Snails & Other Wonders of the Urban Wilderness",Â£44.18,In stock
Unicorn Tracks,Â£18.78,In stock
"Unbound: How Eight Technologies Made Us Human, Transformed Society, and Brought Our World to the Brink",Â£25.52,In stock
Tsubasa: WoRLD CHRoNiCLE 2 (Tsubasa WoRLD CHRoNiCLE #2),Â£16.28,In stock
Throwing Rocks at the Google Bus: How Growth Became the Enemy of Prosperity,Â£31.12,In stock
This One Summer,Â£19.49,In stock
Thirst,Â£17.27,In stock
The Torch Is Passed: A Harding Family Story,Â£19.09,In stock
The Secret of Dreadwillow Carse,Â£56.13,In stock
"The Pioneer Woman Cooks: Dinnertime: Comfort Classics, Freezer Food, 16-Minute Meals, and Other Delicious Ways to Solve Supper!",Â£56.41,In stock
The Past Never Ends,Â£56.50,In stock
The Natural History of Us (The Fine Art of Pretending #2),Â£45.22,In stock
The Nameless City (The Nameless City #1),Â£38.16,In stock
The Murder That Never Was (Forensic Instincts #5),Â£54.11,In stock
The Most Perfect Thing: Inside (and Outside) a Bird's Egg,Â£42.96,In stock
"The Mindfulness and Acceptance Workbook for Anxiety: A Guide to Breaking Free from Anxiety, Phobias, and Worry Using Acceptance and Commitment Therapy",Â£23.89,In stock
The Life-Changing Magic of Tidying Up: The Japanese Art of Decluttering and Organizing,Â£16.77,In stock
"The Inefficiency Assassin: Time Management Tactics for Working Smarter, Not Longer",Â£20.59,In stock
The Gutsy Girl: Escapades for Your Life of Epic Adventure,Â£37.13,In stock
The Electric Pencil: Drawings from Inside State Hospital No. 3,Â£56.06,In stock
The Death of Humanity: and the Case for Life,Â£58.11,In stock
"The Bulletproof Diet: Lose up to a Pound a Day, Reclaim Energy and Focus, Upgrade Your Life",Â£49.05,In stock
The Art Forger,Â£40.76,In stock
The Age of Genius: The Seventeenth Century and the Birth of the Modern Mind,Â£19.73,In stock
The Activist's Tao Te Ching: Ancient Advice for a Modern Revolution,Â£32.24,In stock
Spark Joy: An Illustrated Master Class on the Art of Organizing and Tidying Up,Â£41.83,In stock
Soul Reader,Â£39.58,In stock
Security,Â£39.25,In stock
"Saga, Volume 6 (Saga (Collected Editions) #6)",Â£25.02,In stock
"Saga, Volume 5 (Saga (Collected Editions) #5)",Â£51.04,In stock
Reskilling America: Learning to Labor in the Twenty-First Century,Â£19.83,In stock
"Rat Queens, Vol. 3: Demons (Rat Queens (Collected Editions) #11-15)",Â£50.40,In stock
"Princess Jellyfish 2-in-1 Omnibus, Vol. 01 (Princess Jellyfish 2-in-1 Omnibus #1)",Â£13.61,In stock
Princess Between Worlds (Wide-Awake Princess #5),Â£13.34,In stock
"Pop Gun War, Volume 1: Gift",Â£18.97,In stock
"Political Suicide: Missteps, Peccadilloes, Bad Calls, Backroom Hijinx, Sordid Pasts, Rotten Breaks, and Just Plain Dumb Mistakes in the Annals of American Politics",Â£36.28,In stock
Patience,Â£10.16,In stock
"Outcast, Vol. 1: A Darkness Surrounds Him (Outcast #1)",Â£15.44,In stock
orange: The Complete Collection 1 (orange: The Complete Collection #1),Â£48.41,In stock
Online Marketing for Busy Authors: A Step-By-Step Guide,Â£46.35,In stock
On a Midnight Clear,Â£14.07,In stock
Obsidian (Lux #1),Â£14.86,In stock
My Paris Kitchen: Recipes and Stories,Â£33.37,In stock
Masks and Shadows,Â£56.40,In stock
"Mama Tried: Traditional Italian Cooking for the Screwed, Crude, Vegan, and Tattooed",Â£14.02,In stock
"Lumberjanes, Vol. 2: Friendship to the Max (Lumberjanes #5-8)",Â£46.91,In stock
"Lumberjanes, Vol. 1: Beware the Kitten Holy (Lumberjanes #1-4)",Â£45.61,In stock
Lumberjanes Vol. 3: A Terrible Plan (Lumberjanes #9-12),Â£19.92,In stock
"Layered: Baking, Building, and Styling Spectacular Cakes",Â£40.11,In stock
Judo: Seven Steps to Black Belt (an Introductory Guide for Beginners),Â£53.90,In stock
Join,Â£35.67,In stock
In the Country We Love: My Family Divided,Â£22.00,In stock
Immunity: How Elie Metchnikoff Changed the Course of Modern Medicine,Â£57.36,In stock
"I Hate Fairyland, Vol. 1: Madly Ever After (I Hate Fairyland (Compilations) #1-5)",Â£29.17,In stock
I am a Hero Omnibus Volume 1,Â£54.63,In stock
How to Be Miserable: 40 Strategies You Already Use,Â£46.03,In stock
Her Backup Boyfriend (The Sorensen Family #1),Â£33.97,In stock
"Giant Days, Vol. 2 (Giant Days #5-8)",Â£22.11,In stock
Forever and Forever: The Courtship of Henry Longfellow and Fanny Appleton,Â£29.69,In stock
First and First (Five Boroughs #3),Â£15.97,In stock
Fifty Shades Darker (Fifty Shades #2),Â£21.96,In stock
Everydata: The Misinformation Hidden in the Little Data You Consume Every Day,Â£54.35,In stock
"Don't Be a Jerk: And Other Practical Advice from Dogen, Japan's Greatest Zen Master",Â£37.97,In stock
Danganronpa Volume 1,Â£51.99,In stock
Crown of Midnight (Throne of Glass #2),Â£43.29,In stock
"Codename Baboushka, Volume 1: The Conclave of Death",Â£36.72,In stock
Camp Midnight,Â£17.08,In stock
Call the Nurse: True Stories of a Country Nurse on a Scottish Isle,Â£29.14,In stock
Burning,Â£28.81,In stock
Bossypants,Â£49.46,In stock
"Bitch Planet, Vol. 1: Extraordinary Machine (Bitch Planet (Collected Editions))",Â£37.92,In stock
"Avatar: The Last Airbender: Smoke and Shadow, Part 3 (Smoke and Shadow #3)",Â£28.09,In stock
Algorithms to Live By: The Computer Science of Human Decisions,Â£30.81,In stock
A World of Flavor: Your Gluten Free Passport,Â£42.95,In stock
"A Piece of Sky, a Grain of Rice: A Memoir in Four Meditations",Â£56.76,In stock
A Murder in Time,Â£16.64,In stock
A Flight of Arrows (The Pathfinders #2),Â£55.53,In stock
A Fierce and Subtle Poison,Â£28.13,In stock
A Court of Thorns and Roses (A Court of Thorns and Roses #1),Â£52.37,In stock
(Un)Qualified: How God Uses Broken People to Do Big Things,Â£54.00,In stock
You Are What You Love: The Spiritual Power of Habit,Â£21.87,In stock
"William Shakespeare's Star Wars: Verily, A New Hope (William Shakespeare's Star Wars #4)",Â£43.30,In stock
Tuesday Nights in 1980,Â£21.04,In stock
Tracing Numbers on a Train,Â£41.60,In stock
Throne of Glass (Throne of Glass #1),Â£35.07,In stock
Thomas Jefferson and the Tripoli Pirates: The Forgotten War That Changed American History,Â£59.64,In stock
Thirteen Reasons Why,Â£52.72,In stock
The White Cat and the Monk: A Retelling of the Poem âPangur BÃ¡nâ,Â£58.08,In stock
The Wedding Dress,Â£24.12,In stock
The Vacationers,Â£42.15,In stock
The Third Wave: An Entrepreneurâs Vision of the Future,Â£12.61,In stock
The Stranger,Â£17.44,In stock
The Shadow Hero (The Shadow Hero),Â£33.14,In stock
The Secret (The Secret #1),Â£27.37,In stock
The Regional Office Is Under Attack!,Â£51.36,In stock
The Psychopath Test: A Journey Through the Madness Industry,Â£36.00,In stock
The Project,Â£10.65,In stock
The Power of Now: A Guide to Spiritual Enlightenment,Â£43.54,In stock
The Omnivore's Dilemma: A Natural History of Four Meals,Â£38.21,In stock
The Nerdy Nummies Cookbook: Sweet Treats for the Geek in All of Us,Â£37.34,In stock
The Murder of Roger Ackroyd (Hercule Poirot #4),Â£44.10,In stock
The Mistake (Off-Campus #2),Â£43.29,In stock
The Matchmaker's Playbook (Wingmen Inc. #1),Â£55.85,In stock
The Love and Lemons Cookbook: An Apple-to-Zucchini Celebration of Impromptu Cooking,Â£37.60,In stock
The Long Shadow of Small Ghosts: Murder and Memory in an American City,Â£10.97,In stock
The Kite Runner,Â£41.82,In stock
The House by the Lake,Â£36.95,In stock
The Glittering Court (The Glittering Court #1),Â£44.28,In stock
The Girl on the Train,Â£55.02,In stock
The Genius of Birds,Â£17.24,In stock
The Emerald Mystery,Â£23.15,In stock
The Cookies & Cups Cookbook: 125+ sweet & savory recipes reminding you to Always Eat Dessert First,Â£41.25,In stock
The Bridge to Consciousness: I'm Writing the Bridge Between Science and Our Old and New Beliefs.,Â£32.00,In stock
The Artist's Way: A Spiritual Path to Higher Creativity,Â£38.49,In stock
The Art of War,Â£33.34,In stock
The Argonauts,Â£10.93,In stock
The 10% Entrepreneur: Live Your Startup Dream Without Quitting Your Day Job,Â£27.55,In stock
Suddenly in Love (Lake Haven #1),Â£55.99,In stock
Something More Than This,Â£16.24,In stock
Soft Apocalypse,Â£26.12,In stock
So You've Been Publicly Shamed,Â£12.23,In stock
Shoe Dog: A Memoir by the Creator of NIKE,Â£23.99,In stock
"Shobu Samurai, Project Aryoku (#3)",Â£29.06,In stock
Secrets and Lace (Fatal Hearts #1),Â£20.27,In stock
Scarlett Epstein Hates It Here,Â£43.55,In stock
Romero and Juliet: A Tragic Tale of Love and Zombies,Â£36.94,In stock
Redeeming Love,Â£20.47,In stock
Poses for Artists Volume 1 - Dynamic and Sitting Poses: An Essential Reference for Figure Drawing and the Human Form,Â£41.06,In stock
Poems That Make Grown Women Cry,Â£14.19,In stock
"Nightingale, Sing",Â£38.28,In stock
Night Sky with Exit Wounds,Â£41.05,In stock
Mrs. Houdini,Â£30.25,In stock
Modern Romance,Â£28.26,In stock
Miss Peregrineâs Home for Peculiar Children (Miss Peregrineâs Peculiar Children #1),Â£10.76,In stock
Louisa: The Extraordinary Life of Mrs. Adams,Â£16.85,In stock
Little Red,Â£13.47,In stock
Library of Souls (Miss Peregrineâs Peculiar Children #3),Â£48.56,In stock
Large Print Heart of the Pride,Â£19.15,In stock
I Had a Nice Time And Other Lies...: How to find love & sh*t like that,Â£57.36,In stock
Hollow City (Miss Peregrineâs Peculiar Children #2),Â£42.98,In stock
Grumbles,Â£22.16,In stock
Full Moon over Noahâs Ark: An Odyssey to Mount Ararat and Beyond,Â£49.43,In stock
Frostbite (Vampire Academy #2),Â£29.99,In stock
Follow You Home,Â£21.36,In stock
First Steps for New Christians (Print Edition),Â£29.00,In stock
Finders Keepers (Bill Hodges Trilogy #2),Â£53.53,In stock
"Fables, Vol. 1: Legends in Exile (Fables #1)",Â£41.62,In stock
Eureka Trivia 6.0,Â£54.59,In stock
Drive: The Surprising Truth About What Motivates Us,Â£34.95,In stock
Done Rubbed Out (Reightman & Bailey #1),Â£37.72,In stock
Doing It Over (Most Likely To #1),Â£35.61,In stock
"Deliciously Ella Every Day: Quick and Easy Recipes for Gluten-Free Snacks, Packed Lunches, and Simple Meals",Â£42.16,In stock
Dark Notes,Â£19.19,In stock
"Daring Greatly: How the Courage to Be Vulnerable Transforms the Way We Live, Love, Parent, and Lead",Â£19.43,In stock
Close to You,Â£49.46,In stock
Chasing Heaven: What Dying Taught Me About Living,Â£37.80,In stock
Big Magic: Creative Living Beyond Fear,Â£30.80,In stock
Becoming Wise: An Inquiry into the Mystery and Art of Living,Â£27.43,In stock
Beauty Restored (Riley Family Legacy Novellas #3),Â£11.11,In stock
Batman: The Long Halloween (Batman),Â£36.50,In stock
Batman: The Dark Knight Returns (Batman),Â£15.38,In stock
Ayumi's Violin,Â£15.48,In stock
Anonymous,Â£46.82,In stock
Amy Meets the Saints and Sages,Â£18.46,In stock
Amid the Chaos,Â£36.58,In stock
Amatus,Â£50.54,In stock
Agnostic: A Spirited Manifesto,Â£12.51,In stock
Zealot: The Life and Times of Jesus of Nazareth,Â£24.70,In stock
You (You #1),Â£43.61,In stock
"Wonder Woman: Earth One, Volume One (Wonder Woman: Earth One #1)",Â£37.34,In stock
Wild Swans,Â£14.36,In stock
Why the Right Went Wrong: Conservatism--From Goldwater to the Tea Party and Beyond,Â£52.65,In stock
Whole Lotta Creativity Going On: 60 Fun and Unusual Exercises to Awaken and Strengthen Your Creativity,Â£38.20,In stock
What's It Like in Space?: Stories from Astronauts Who've Been There,Â£19.60,In stock
"We Are Robin, Vol. 1: The Vigilante Business (We Are Robin #1)",Â£53.90,In stock
Walt Disney's Alice in Wonderland,Â£12.96,In stock
V for Vendetta (V for Vendetta Complete),Â£37.10,In stock
Until Friday Night (The Field Party #1),Â£46.31,In stock
"Unbroken: A World War II Story of Survival, Resilience, and Redemption",Â£45.95,In stock
Twenty Yawns,Â£22.08,In stock
Through the Woods,Â£25.38,In stock
This Is Where It Ends,Â£27.12,In stock
The Year of Magical Thinking,Â£43.04,In stock
The Wright Brothers,Â£56.80,In stock
The White Queen (The Cousins' War #1),Â£25.91,In stock
The Wedding Pact (The O'Malleys #2),Â£32.61,In stock
The Time Keeper,Â£27.88,In stock
The Testament of Mary,Â£52.67,In stock
The Star-Touched Queen,Â£46.02,In stock
The Songs of the Gods,Â£44.48,In stock
The Song of Achilles,Â£37.40,In stock
The Rosie Project (Don Tillman #1),Â£54.04,In stock
The Power of Habit: Why We Do What We Do in Life and Business,Â£16.88,In stock
The Marriage of Opposites,Â£28.08,In stock
The Lucifer Effect: Understanding How Good People Turn Evil,Â£10.40,In stock
The Long Haul (Diary of a Wimpy Kid #9),Â£44.07,In stock
The Loney,Â£23.40,In stock
The Literature Book (Big Ideas Simply Explained),Â£17.43,In stock
The Last Mile (Amos Decker #2),Â£54.21,In stock
The Immortal Life of Henrietta Lacks,Â£40.67,In stock
The Hidden Oracle (The Trials of Apollo #1),Â£52.26,In stock
The Help Yourself Cookbook for Kids: 60 Easy Plant-Based Recipes Kids Can Make to Stay Healthy and Save the Earth,Â£28.77,In stock
The Guilty (Will Robie #4),Â£13.82,In stock
The First Hostage (J.B. Collins #2),Â£25.85,In stock
The Dovekeepers,Â£48.78,In stock
The Darkest Lie,Â£35.35,In stock
The Bane Chronicles (The Bane Chronicles #1-11),Â£44.73,In stock
The Bad-Ass Librarians of Timbuktu: And Their Race to Save the Worldâs Most Precious Manuscripts,Â£15.77,In stock
The 14th Colony (Cotton Malone #11),Â£39.24,In stock
That Darkness (Gardiner and Renner #1),Â£13.92,In stock
Tastes Like Fear (DI Marnie Rome #3),Â£10.69,In stock
Take Me with You,Â£45.21,In stock
Swell: A Year of Waves,Â£45.58,In stock
Superman Vol. 1: Before Truth (Superman by Gene Luen Yang #1),Â£11.89,In stock
Still Life with Bread Crumbs,Â£26.41,In stock
Steve Jobs,Â£39.50,In stock
Sorting the Beef from the Bull: The Science of Food Fraud Forensics,Â£44.74,In stock
Someone Like You (The Harrisons #2),Â£52.79,In stock
"So Cute It Hurts!!, Vol. 6 (So Cute It Hurts!! #6)",Â£35.43,In stock
Shtum,Â£55.84,In stock
See America: A Celebration of Our National Parks & Treasured Sites,Â£48.87,In stock
salt.,Â£46.78,In stock
Robin War,Â£47.82,In stock
"Red Hood/Arsenal, Vol. 1: Open for Business (Red Hood/Arsenal #1)",Â£25.48,In stock
Rain Fish,Â£23.57,In stock
"Quarter Life Poetry: Poems for the Young, Broke and Hangry",Â£50.89,In stock
Pet Sematary,Â£10.56,In stock
"Overload: How to Unplug, Unwind, and Unleash Yourself from the Pressure of Stress",Â£52.15,In stock
Once Was a Time,Â£18.28,In stock
Old School (Diary of a Wimpy Kid #10),Â£11.83,In stock
No Dream Is Too High: Life Lessons From a Man Who Walked on the Moon,Â£21.95,In stock
"Naruto (3-in-1 Edition), Vol. 14: Includes Vols. 40, 41 & 42 (Naruto: Omnibus #14)",Â£38.39,In stock
My Name Is Lucy Barton,Â£41.56,In stock
My Mrs. Brown,Â£24.48,In stock
My Kind of Crazy,Â£40.36,In stock
Mr. Mercedes (Bill Hodges Trilogy #1),Â£28.90,In stock
More Than Music (Chasing the Dream #1),Â£37.61,In stock
Made to Stick: Why Some Ideas Survive and Others Die,Â£38.85,In stock
Luis Paints the World,Â£53.95,In stock
Luckiest Girl Alive,Â£49.83,In stock
Lowriders to the Center of the Earth (Lowriders in Space #2),Â£51.51,In stock
Love Is a Mix Tape (Music #1),Â£18.03,In stock
Looking for Lovely: Collecting the Moments that Matter,Â£29.14,In stock
"Living Leadership by Insight: A Good Leader Achieves, a Great Leader Builds Monuments",Â£46.91,In stock
Let It Out: A Journey Through Journaling,Â£26.79,In stock
Lady Midnight (The Dark Artifices #1),Â£16.28,In stock
"It's All Easy: Healthy, Delicious Weeknight Meals in under 30 Minutes",Â£19.55,In stock
Island of Dragons (Unwanteds #7),Â£29.65,In stock
I Know What I'm Doing -- and Other Lies I Tell Myself: Dispatches from a Life Under Construction,Â£25.98,In stock
I Am Pilgrim (Pilgrim #1),Â£10.60,In stock
"Hyperbole and a Half: Unfortunate Situations, Flawed Coping Mechanisms, Mayhem, and Other Things That Happened",Â£14.75,In stock
"Hush, Hush (Hush, Hush #1)",Â£47.02,In stock
Hold Your Breath (Search and Rescue #1),Â£28.82,In stock
Hamilton: The Revolution,Â£58.79,In stock
Greek Mythic History,Â£10.23,In stock
God: The Most Unpleasant Character in All Fiction,Â£30.03,In stock
Glory over Everything: Beyond The Kitchen House,Â£45.84,In stock
Feathers: Displays of Brilliant Plumage,Â£49.05,In stock
"Far & Away: Places on the Brink of Change: Seven Continents, Twenty-Five Years",Â£15.06,In stock
Every Last Word,Â£46.47,In stock
Eligible (The Austen Project #4),Â£27.09,In stock
El Deafo,Â£57.62,In stock
Eight Hundred Grapes,Â£14.39,In stock
"Eaternity: More than 150 Deliciously Easy Vegan Recipes for a Long, Healthy, Satisfied, Joyful Life",Â£51.75,In stock
"Eat Fat, Get Thin",Â£54.07,In stock
Don't Get Caught,Â£55.35,In stock
Doctor Sleep (The Shining #2),Â£40.12,In stock
Demigods & Magicians: Percy and Annabeth Meet the Kanes (Percy Jackson & Kane Chronicles Crossover #1-3),Â£37.51,In stock
Dear Mr. Knightley,Â£11.21,In stock
Daily Fantasy Sports,Â£36.58,In stock
Crazy Love: Overwhelmed by a Relentless God,Â£47.72,In stock
Cometh the Hour (The Clifton Chronicles #6),Â£25.01,In stock
Code Name Verity (Code Name Verity #1),Â£22.13,In stock
Clockwork Angel (The Infernal Devices #1),Â£44.14,In stock
City of Glass (The Mortal Instruments #3),Â£56.02,In stock
City of Fallen Angels (The Mortal Instruments #4),Â£11.23,In stock
City of Bones (The Mortal Instruments #1),Â£43.28,In stock
City of Ashes (The Mortal Instruments #2),Â£47.27,In stock
Cell,Â£20.29,In stock
Catching Jordan (Hundred Oaks),Â£50.83,In stock
"Carry On, Warrior: Thoughts on Life Unarmed",Â£31.85,In stock
Carrie,Â£46.23,In stock
Buying In: The Secret Dialogue Between What We Buy and Who We Are,Â£37.80,In stock
Brain on Fire: My Month of Madness,Â£49.32,In stock
Batman: Europa,Â£32.01,In stock
Barefoot Contessa Back to Basics,Â£28.01,In stock
Barefoot Contessa at Home: Everyday Recipes You'll Make Over and Over Again,Â£50.62,In stock
Balloon Animals,Â£17.03,In stock
Art Ops Vol. 1,Â£48.80,In stock
Aristotle and Dante Discover the Secrets of the Universe (Aristotle and Dante Discover the Secrets of the Universe #1),Â£58.14,In stock
Angels Walking (Angels Walking #1),Â£34.20,In stock
Angels & Demons (Robert Langdon #1),Â£51.48,In stock
All the Light We Cannot See,Â£29.87,In stock
"Adulthood Is a Myth: A ""Sarah's Scribbles"" Collection",Â£10.90,In stock
Abstract City,Â£56.37,In stock
A Time of Torment (Charlie Parker #14),Â£48.35,In stock
A Study in Scarlet (Sherlock Holmes #1),Â£16.73,In stock
"A Series of Catastrophes and Miracles: A True Story of Love, Science, and Cancer",Â£56.48,In stock
A People's History of the United States,Â£40.79,In stock
A Man Called Ove,Â£39.72,In stock
A Distant Mirror: The Calamitous 14th Century,Â£14.58,In stock
A Brush of Wings (Angels Walking #3),Â£55.51,In stock
1491: New Revelations of the Americas Before Columbus,Â£21.80,In stock
"The Three Searches, Meaning, and the Story",Â£13.33,In stock
Searching for Meaning in Gailana,Â£38.73,In stock
Rook,Â£37.86,In stock
My Kitchen Year: 136 Recipes That Saved My Life,Â£11.53,In stock
13 Hours: The Inside Account of What Really Happened In Benghazi,Â£27.06,In stock
Will You Won't You Want Me?,Â£13.86,In stock
Tipping Point for Planet Earth: How Close Are We to the Edge?,Â£37.55,In stock
The Star-Touched Queen,Â£32.30,In stock
The Silent Sister (Riley MacPherson #1),Â£46.29,In stock
The Midnight Watch: A Novel of the Titanic and the Californian,Â£26.20,In stock
The Lonely City: Adventures in the Art of Being Alone,Â£33.26,In stock
The Gray Rhino: How to Recognize and Act on the Obvious Dangers We Ignore,Â£59.15,In stock
The Golden Condom: And Other Essays on Love Lost and Found,Â£39.43,In stock
The Epidemic (The Program 0.6),Â£14.44,In stock
The Dinner Party,Â£56.54,In stock
The Diary of a Young Girl,Â£59.90,In stock
The Children,Â£11.88,In stock
Stars Above (The Lunar Chronicles #4.5),Â£48.05,In stock
Snatched: How A Drug Queen Went Undercover for the DEA and Was Kidnapped By Colombian Guerillas,Â£21.21,In stock
Raspberry Pi Electronics Projects for the Evil Genius,Â£49.67,In stock
Quench Your Own Thirst: Business Lessons Learned Over a Beer or Two,Â£43.14,In stock
Psycho: Sanitarium (Psycho #1.5),Â£36.97,In stock
Poisonous (Max Revere Novels #3),Â£26.80,In stock
One with You (Crossfire #5),Â£15.71,In stock
No Love Allowed (Dodge Cove #1),Â£54.65,In stock
Murder at the 42nd Street Library (Raymond Ambler #1),Â£54.36,In stock
Most Wanted,Â£35.28,In stock
"Love, Lies and Spies",Â£20.55,In stock
How to Speak Golf: An Illustrated Guide to Links Lingo,Â£58.32,In stock
Hide Away (Eve Duncan #20),Â£11.84,In stock
Furiously Happy: A Funny Book About Horrible Things,Â£41.46,In stock
Everyday Italian: 125 Simple and Delicious Recipes,Â£20.10,In stock
Equal Is Unfair: America's Misguided Fight Against Income Inequality,Â£56.86,In stock
Eleanor & Park,Â£56.51,In stock
Dirty (Dive Bar #1),Â£40.83,In stock
Can You Keep a Secret? (Fear Street Relaunch #4),Â£48.64,In stock
Boar Island (Anna Pigeon #19),Â£59.48,In stock
A Paris Apartment,Â£39.01,In stock
"A la Mode: 120 Recipes in 60 Pairings: Pies, Tarts, Cakes, Crisps, and More Topped with Ice Cream, Gelato, Frozen Custard, and More",Â£38.77,In stock
Troublemaker: Surviving Hollywood and Scientology,Â£48.39,In stock
The Widow,Â£27.26,In stock
"The Sleep Revolution: Transforming Your Life, One Night at a Time",Â£11.68,In stock
The Improbability of Love,Â£59.45,In stock
The Art of Startup Fundraising,Â£21.00,In stock
Take Me Home Tonight (Rock Star Romance #3),Â£53.98,In stock
Sleeping Giants (Themis Files #1),Â£48.74,In stock
"Setting the World on Fire: The Brief, Astonishing Life of St. Catherine of Siena",Â£21.15,In stock
Playing with Fire,Â£13.71,In stock
Off the Hook (Fishing for Trouble #1),Â£47.67,In stock
